color,make,model,model_variant,cityPurple,Mercedes-Benz,S 500,S 500,Zuzwil
White,Renault,Alpine A110,1300 VC Gordini,Zuzwil
Blue,Mercedes-Benz,ML 500,ML 500,Zuzwil
Other,Mercedes-Benz,SL 600,SL 600,Zuzwil
Gray,Audi,RS6,RS6 Avant 5.0 V10 quattro,Zuzwil
Gray,Mercedes-Benz,CL 500,CL 500,Zuzwil
Black,Opel,MANTA,400 Breitbau,Zuzwil
Black,Toyota,CELICA,Celica 2800 i Supra,Zuzwil
Blue,Hummer,H3,H3 3.5 Luxury,Zuzwil
Black,Lamborghini,HURACAN,Huracan LP610-4 Coupé,Zuzwil
Black,Lancia,DELTA,Delta HF Integrale Evo 4V,Zuzwil
Black,Porsche,911,911 Turbo,Zuzwil
Silver,Ferrari,599,599 GTB HGTE,Zuzwil
Blue,Mercedes-Benz,500,500 SE,Zuzwil
Blue,Lotus,ESPRIT,Esprit 3.5 V8 SE,Zuzwil
Gray,Porsche,CAYENNE,Cayenne Turbo,Zuzwil
Green,BMW,730,730i,Zuzwil
Black,Kaiser,null,CJ-5 12V ARMEEFAHRZEUG,Zuzwil
Silver,Porsche,911,911 Carrera 4,Zuzwil
Silver,VW,GOLF,Golf R32 4Motion,Zuzwil
Blue,Renault,CLIO,Clio 2.0 16V Sport,Zuzwil
Gray,Mercedes-Benz,S 250,S 250 CDI BlueEff SS,Zuzwil
Black,BMW,330,330Ci,Zuzwil
Silver,BMW,X5,X5 4.4i,Zuzwil
White,Audi,RS6,RS6 Avant 5.0 V10 quattro,Zuzwil
Gray,Audi,RS6,RS6 Avant quattro,Zuzwil
Green,Mercedes-Benz,null,CLK DTM AMG,Zuzwil
Black,BMW,M6,M6,Zuzwil
Black,Audi,A8,A8 3.7,Zuzwil
Red,Ferrari,575M,575M,Zuzwil
Black,Alfa Romeo,GTV,2000 Bertone,Zuzwil
Black,BMW,M6,M6,Zuzwil
Blue,Bentley,ARNAGE,Arnage Green Label,Zuzwil
Black,Mercedes-Benz,SL 500,SL 500,Zuzwil
Black,Audi,RS5,RS5 Coupé 4.2FSI quattro,Zuzwil
Silver,Mercedes-Benz,E 320,E 320 CDI Avantgarde,Zuzwil
White,Rolls-Royce,PHANTOM,Phantom 6.7 V12,Zuzwil
Blue,Mercedes-Benz,null,CLK DTM AMG,Zuzwil
White,Mercedes-Benz,CL 600,CL 600,Zuzwil
Blue,Audi,RS6,RS6 Avant quattro,Zuzwil
Blue,Ferrari,F360,F360 Modena Berlinetta,Zuzwil
Blue,Mercedes-Benz,SLR,McLaren Roadster,Zuzwil
Gray,Maserati,QUATTROPORTE,Quattroporte 4.2,Zuzwil
Silver,Mercedes-Benz,C 280,C 280 Elégance,Zuzwil
Silver,Renault,ALPINE,Alpine A310 V6,Zuzwil
Green,Mercedes-Benz,S 600,S 600,Zuzwil
Blue,Porsche,924,Turbo,Zuzwil
Black,Bentley,CONTINENTAL,Continental GT 6.0,Zuzwil
Black,Jaguar,XK,XKR 5.0 V8 SC,Zuzwil
Silver,Audi,S8,S8 4.2 quattro,Zuzwil
Silver,BMW,X1,X1 xDrive 25d Sport Line,Zuzwil
Blue,Audi,RS6,RS6 Avant 5.0 V10 quattro,Zuzwil
Silver,Fiat,STILO,Stilo 1.8 16V Swiss,Zuzwil
Silver,Lancia,null,Monte Carlo 137 AS,Zuzwil
Silver,Mercedes-Benz,E 320,E 320 Elégance,Zuzwil
Silver,Porsche,CAYENNE,Cayenne S,Zuzwil
Silver,Audi,S7,S7 Sportback 4.0 TFSI V8 quattro,Zuzwil
Black,Lamborghini,MURCIÉLAGO,Murciélago LP640-4 Cpé,Porrentruy
Black,Porsche,911,911 Targa,Zuzwil
Silver,Mercedes-Benz,SL 500,6.0 AMG,Zuzwil
Silver,BMW,M5,M5,Zuzwil
Silver,Bentley,ARNAGE,Arnage T,Zuzwil
Silver,Mercedes-Benz,SL 55 AMG,SL 55 AMG,Zuzwil
Silver,Mercedes-Benz,CLK 55 AMG,CLK 55 AMG Avantgarde,Zuzwil
Black,Mercedes-Benz,S 600,S 600,Zuzwil
Silver,Lamborghini,MURCIÉLAGO,Murciélago 6.2 Coupé,Porrentruy
White,Aston Martin,V8 Vantage,V8 Vantage 4.7,Zuzwil
White,Mercedes-Benz,ML 400,ML 400 CDI,Zuzwil
White,Mercedes-Benz,CLK 55 AMG,CLK 55 AMG Avantgarde,Zuzwil
Green,Audi,S3,S3 2.0 TFSI quattro,Zuzwil
Black,Mercedes-Benz,C 63 AMG,BLACK SERIES,Zuzwil
Silver,Porsche,911,911 Carrera 4 S,Zuzwil
White,Ferrari,599,599 GTB,Zuzwil
Blue,Mercedes-Benz,C 320,C 320 Elégance,Zuzwil
Gray,Ferrari,F360,F360 Spider,Zuzwil
Gray,Porsche,911,911 Turbo,Zuzwil
Gray,Mercedes-Benz,S 500,S 500 L,Zuzwil
Black,Porsche,911,911 Turbo,Zuzwil
Blue,Mercedes-Benz,SLK 350,SLK 350,Zuzwil
Silver,Toyota,CARINA,Deluxe,Zuzwil
Blue,Mercedes-Benz,E 230,E 230 Elégance,Zuzwil
White,Porsche,CAYENNE,Cayenne Turbo,Zuzwil
White,Delorean,null,De Lorean DMC-12,Zuzwil
Green,Ferrari,MONDIAL,Mondial 3.4 T,Zuzwil
Red,Porsche,911,911 Turbo,Zuzwil
Red,Ferrari,F430,F430,Zuzwil
Black,Ferrari,F355,F355 Spider,Zuzwil
Silver,Mercedes-Benz,E 250,E 250 CGI BlueEff Avgarde,Zuzwil
Silver,Mercedes-Benz,SLK 200,SLK 200 Kompressor,Zuzwil
Silver,Land Rover,DISCOVERY,Discovery 3.9,Zuzwil
Blue,Audi,A8,A8 4.2 quattro,Zuzwil
Gray,Porsche,CAYENNE,Cayenne Turbo,Zuzwil
Green,Mercedes-Benz,E 420,E 420 Elégance,Zuzwil
Green,Porsche,911,911 GT2,Zuzwil
Red,Porsche,CAYENNE,Cayenne Turbo,Zuzwil
Red,Marcos,null,1600 GT,Zuzwil
Red,Dodge,null,B 200,Zuzwil
Black,Mercedes-Benz,ML 500,ML 500 4Matic,Zuzwil
Black,Audi,A4,A4 Avant 3.0 V6,Zuzwil
Blue,Citroen,C5,C5 3.0 V6 Exclusive,Zuzwil
Silver,Maserati,BITURBO,Biturbo Spyder E,Zuzwil
Green,NSU,null,TT,Zuzwil
Red,Mitsubishi,STARION,Starion 2000 Turbo,Zuzwil
Silver,VW,TOUAREG,Touareg 5.0 TDI V10,Zuzwil
Blue,Ferrari,F360,F360 Modena Berlinetta,Zuzwil
Gray,Mercedes-Benz,SLK 350,SLK 350,Zuzwil
Black,Porsche,911,911 Carrera Jubilé 40,Zuzwil
Black,Mercedes-Benz,CLS 55 AMG,CLS 55 AMG,Zuzwil
Blue,BMW,M5,M5,Zuzwil
Blue,Toyota,CELICA,1600 GT,Zuzwil
Red,Mercedes-Benz,CL 600,CL 600,Zuzwil
Black,BMW,335,335i,Zuzwil
Black,Mercedes-Benz,SL 55 AMG,SL 55 AMG,Zuzwil
Silver,Mercedes-Benz,C 240,C 240 Elégance,Zuzwil
Silver,Mercedes-Benz,SL 320,SL 320,Zuzwil
Silver,Alfa Romeo,8C,Coupé,Zuzwil
Black,Seat,LEON,Leon 2.0 TSI FR,Zuzwil
Black,Porsche,CAYENNE,Cayenne Turbo,Zuzwil
Silver,Rolls-Royce,CORNICHE,Corniche,Zuzwil
Silver,Porsche,911,911 Turbo,Zuzwil
Gray,Porsche,924,Turbo,Zuzwil
Blue,Audi,RS6,RS6 Avant 5.0 V10 quattro,Zuzwil
Blue,Mercedes-Benz,E 420,E 420 Elégance,Zuzwil
Blue,Mercedes-Benz,S 600,S 600,Zuzwil
White,Mercedes-Benz,S 500,S 500 4Matic,Zuzwil
White,Porsche,911,911 Turbo,Zuzwil
Blue,Mercedes-Benz,S 500,S 500,Zuzwil
Red,Audi,A4,A4 Avant 2.8 q.Ambition,Zuzwil
Black,Mercedes-Benz,G 63 AMG,G 63 AMG,Zuzwil
Black,Jeep,Grand Cherokee,Grand Cherokee 4.0 Ltd.,Zuzwil
Black,Lamborghini,GALLARDO,Gallardo 5.0 V10 Coupé,Zuzwil
Silver,Ferrari,599,599 GTB,Zuzwil
Silver,Ferrari,F430,F430 Scuderia,Zuzwil
Blue,Mercedes-Benz,SLK 230,SLK 230 Kompressor,Zuzwil
Yellow,Toyota,CAMRY,2000 GLi Super Liftback,Safenwil
Gray,Mercedes-Benz,SL 500,SL 500 Special Edition,Zuzwil
Green,Mercedes-Benz,E 430,E 430 Avantgarde,Zuzwil
Blue,Ford,EXPLORER,Explorer 4.0 Ltd. Edition,Zuzwil
Black,Audi,RS6,RS6 Avant 5.0 V10 quattro,Zuzwil
Black,Mercedes-Benz,SL 500,SL 500,Zuzwil
Silver,Mercedes-Benz,null,6.7 BRABUS,Zuzwil
Silver,Mercedes-Benz,SL 500,SL 500,Zuzwil
White,Porsche,PANAMERA,Panamera Turbo 4.8,Zuzwil
Green,Mercedes-Benz,SL 600,SL 600,Zuzwil
Red,Jaguar,XK,XKR S/C Convertible,Zuzwil
Blue,BMW,M3,M3,Zuzwil
Gray,Porsche,CAYENNE,Cayenne Turbo S,Zuzwil
Silver,Audi,RS4,RS4 4.2 V8 quattro,Zuzwil
Silver,BMW,M6,M6,Zuzwil
Red,Dodge,VIPER,RT/10,Zuzwil
Red,Volvo,V70,V70 2.4T,Zuzwil
Black,Mercedes-Benz,E 63 AMG,E 63 AMG,Zuzwil
Black,Mercedes-Benz,S 350,S 350 L 4Matic,Zuzwil
Black,Ferrari,612,612,Zuzwil
Silver,Porsche,911,SC 3.0,Zuzwil
White,Triumph,Dolomite,Sprint,Zuzwil
Gray,Porsche,911,911 Carrera Targa,Zuzwil
Gray,Ferrari,F550,F550 Maranello,Zuzwil
Red,Mercedes-Benz,S 63 AMG,S 63 AMG,Zuzwil
Black,Audi,RS4,RS4 Avant 4.2 V8 quattro,Zuzwil
Silver,Mercedes-Benz,300,300SL W198,Sursee
Blue,Jaguar,XJ,XJ 4.0 Sovereign,Zuzwil
Silver,Mercedes-Benz,CL 500,CL 500,Zuzwil
White,Porsche,911,911 Turbo S Cabrio,Zuzwil
Gray,Mercedes-Benz,E 320,E 320 Elégance 4-Matic,Zuzwil
Gray,Porsche,911,911 Turbo,Zuzwil
Red,Porsche,911,911 Carrera,Zuzwil
Gold,BMW,M3,M3,Zuzwil
Gray,Aston Martin,V12 Vanquish,Vanquish V12,Zuzwil
Black,Maserati,QUATTROPORTE,Quattroporte 4.2,Zuzwil
Black,Bentley,CONTINENTAL,Continental GTC 6.0,Zuzwil
Black,Mercedes-Benz,SL 65 AMG,SL 65 AMG,Zuzwil
Black,Rolls-Royce,CORNICHE,Convertible,Basel
Blue,VW,EOS,Eos 2.0 FSI T,Zuzwil
Other,Mercedes-Benz,SL 300,SL 300,Zuzwil
Gray,Mercedes-Benz,S 55 AMG,S 55 AMG,Zuzwil
Green,Ferrari,456,456M GTA,Zuzwil
Black,Ferrari,456,456M GTA,Zuzwil
Silver,Porsche,911,911 Turbo,Zuzwil
White,McLaren,12C,MP4-12C Coupé 3.8 V8,Zuzwil
Blue,Mercedes-Benz,190,190 E 2.5-16 ABS,Zuzwil
Yellow,Audi,S6,S6 quattro,Zuzwil
Gray,Mercedes-Benz,ML 63 AMG,ML 63 AMG 4Matic,Zuzwil
Green,BMW,M5,M5,Zuzwil
Red,Porsche,CAYENNE,Cayenne S,Zuzwil
Black,BMW,323,E21,Zuzwil
Black,BMW,M5,M5,Zuzwil
Silver,BMW,735,735i,Zuzwil
Yellow,Mercedes-Benz,S 320,S 320,Zuzwil
Gray,Renault,R5,R5 1400 Alpine Turbo,Zuzwil
Gray,Porsche,911,911 Carrera RS Clubsport/993 GT2,Zuzwil
Gray,Mercedes-Benz,SLR,730PS,Zuzwil
Gray,Mercedes-Benz,S 65 AMG,S 65 AMG L,Zuzwil
Silver,Ferrari,F360,F360 Modena Berlinetta,Zuzwil
White,Maserati,SPYDER GT,Spyder GT,Zuzwil
White,Porsche,911,911 Turbo,Zuzwil
Gray,Mercedes-Benz,E 55 AMG,E 55 AMG Avantgarde,Zuzwil
Gray,Audi,RS6,RS6 Avant 5.0 V10 quattro,Zuzwil
Gray,BMW,323,323i Sport Edition,Zuzwil
Black,Audi,R8,R8 Coupé 4.2,Zuzwil
Black,Mercedes-Benz,450,SLC,Zuzwil
Black,Porsche,CAYENNE,Cayenne Turbo,Zuzwil
Black,Porsche,911,911 Turbo,Zuzwil
Black,Mercedes-Benz,SLS 63,SLS 63 AMG,Zuzwil
Black,Mercedes-Benz,S 63 AMG,S 63 AMG,Zuzwil
Black,Lamborghini,DIABLO,Diablo 5.7,Zuzwil
Silver,Datsun,null,SPORTS 2000,Zuzwil
Black,Mercedes-Benz,CLS 500,CLS 500,Zuzwil
Black,VW,TOURAN,Touran 1.4 TSI Trend,Zuzwil
Silver,Ferrari,F360,F360 Modena Berlinetta,Zuzwil
Silver,Lamborghini,GALLARDO,Gallardo 5.0 V10 Coupé SE,Zuzwil
Gray,Porsche,911,911 Turbo,Zuzwil
Beige,Mercedes-Benz,S 65 AMG,S 65 L / BRABUS T65 S,Zuzwil
Green,Renault,Alpine A110,null,Zuzwil
Black,Ford,CAPRI,RS 2600,Zuzwil
Black,BMW,X5,X5 4.6is,Zuzwil
Black,Audi,RS6,RS6 Avant 5.0 V10 quattro,Zuzwil
Silver,BMW,750,750i,Zuzwil
White,Ferrari,456,456M GT,Zuzwil
Gray,VW,PHAETON,Phaeton 4.2 V8 4Motion,Zuzwil
Silver,Lamborghini,MURCIÉLAGO,Murciélago LP670-4 SV Cpé,Zuzwil
Gray,BMW,M3,M3,Zuzwil
Black,BMW,525,525xi,Zuzwil
Black,BMW,525,525i,Zuzwil
Black,Land Rover,RANGE ROVER,Range Rover 4.6 HSE,Zuzwil
Silver,Audi,RS6,RS6 Avant quattro,Zuzwil
Purple,Mercedes-Benz,E 50 AMG,E 50 AMG Avantgarde,Zuzwil
Yellow,Maserati,3200 GT,3200 GT,Zuzwil
Green,Lancia,null,Rally 037 stradale,Zuzwil
Black,Mercedes-Benz,SL 65 AMG,SL 65 AMG,Zuzwil
Silver,Mercedes-Benz,E 50 AMG,E 50 AMG Avantgarde,Zuzwil
Blue,Audi,RS6,RS6 Avant quattro,Zuzwil
Red,Porsche,BOXSTER,Boxster 2.5,Zuzwil
Black,Alpina,5 SERIES,B10 4.6 S.Tronic,Zuzwil
Blue,Ford,CAPRI,RS 2600,Zuzwil
Silver,Alpina,7 SERIES,B7 Turbo Limousine,Zuzwil
Silver,Bentley,TURBO,null,Zuzwil
Blue,Audi,RS6,RS6 Avant 5.0 V10 quattro,Zuzwil
Gray,Porsche,CAYENNE,Cayenne Turbo,Zuzwil
Black,Hyundai,COUPÉ,Coupé 2.7 24V FX,Zuzwil
Silver,Mercedes-Benz,CLS 350,CLS 350 CGI,Zuzwil
Silver,Renault,Alpine A110,1300S,Zuzwil
Yellow,Porsche,911,Targa,Zuzwil
Black,Audi,R8,R8 Spyder 5.2,Zuzwil
Black,McLaren,12C,MP4-12C 3.8 V8,Zuzwil
Silver,Mercedes-Benz,S 600,S 600 L,Zuzwil
Other,Mercedes-Benz,S 320,S 320,Zuzwil
Other,Ferrari,F360,F360 Modena Berlinetta,Zuzwil
Other,Mercedes-Benz,E 55 AMG,E 55 AMG Avantgarde,Zuzwil
Black,Maserati,QUATTROPORTE,Quattroporte 4.2,Zuzwil
Black,Audi,S5,S5 Coupé 4.2 FSI quattro,Zuzwil
Black,Mercedes-Benz,null,CLK DTM AMG Cabriolet,Zuzwil
Gray,Aston Martin,DB9,DB9 Volante,Zuzwil
Silver,Porsche,CAYENNE,Cayenne Turbo,Zuzwil
Blue,Mercedes-Benz,SL 600,SL 600,Zuzwil
Blue,Mercedes-Benz,C 230,C 230 Elégance,Zuzwil
Red,Audi,RS6,RS6 Avant 5.0 V10 quattro 730PS,Zuzwil
Black,Mercedes-Benz,SL 55 AMG,SL 55 AMG,Zuzwil
Blue,Honda,LEGEND,Legend V6 3.5i,Zuzwil
Blue,Ford,MUSTANG,5.0 GT Premium 50 Years,Zuzwil
Gray,MG,MGC,GT,Zuzwil
Red,Aston Martin,DB9,DB9 Volante,Zuzwil
Red,Mercedes-Benz,E 420,E 420 Avantgarde,Zuzwil
Black,Maserati,GHIBLI,Ghibli 2.8 GT,Zuzwil
Silver,BMW,645,645i,Zuzwil
Blue,BMW,X3,X3 3.0i,Zuzwil
Gold,Ruf,null,CTR,Zuzwil
Gray,BMW,X5,X5 4.4i,Zuzwil
Gray,Aston Martin,DBS,DBS Coupé,Zuzwil
Gray,VW,GOLF,Golf 2.0 TSI R 4Motion,Zuzwil
Gray,Mercedes-Benz,CL 500,CL 500,Zuzwil
Black,BMW,540,540i,Zuzwil
Black,BMW,X5,X5 4.4i,Zuzwil
Black,Aston Martin,V8 Vantage,V8 Vantage 4.3,Zuzwil
Black,Nissan,MURANO,Murano 3.5 V6,Zuzwil
Gray,Porsche,CAYENNE,Cayenne Turbo,Zuzwil
Black,Mercedes-Benz,C 63 AMG,C 63 AMG Avantgarde,Zuzwil
Gray,Mercedes-Benz,SL 55 AMG,SL 55 AMG,Zuzwil
Green,BMW,M5,M5,Zuzwil
Red,Bentley,TURBO,Turbo R,Zuzwil
Red,VW,PHAETON,Phaeton 3.0 TDi V6 4M,Zuzwil
Red,BMW,M3,M3,Zuzwil
Black,Lotus,ELISE,Elise,Zuzwil
Black,BMW,3.0,CSL,Zuzwil
Silver,BMW,745,745i,Zuzwil
Blue,Mercedes-Benz,CLS 63 AMG,CLS 63 AMG,Zuzwil
Blue,Mercedes-Benz,S 65 AMG,S 65 AMG L,Zuzwil
Blue,Mercedes-Benz,CL 500,CL 500,Zuzwil
Black,Lamborghini,DIABLO,Diablo 5.7,Zuzwil
Silver,Aston Martin,DB9,DB9,Zuzwil
Silver,BMW,535,535d,Zuzwil
Silver,Mercedes-Benz,SL 500,SL 500,Zuzwil
Silver,Ferrari,F355,F355 Berlinetta,Zuzwil
Silver,Ford,ESCORT,RS 2000,Zuzwil
White,Audi,A8,A8 4.2 quattro,Zuzwil
Yellow,Porsche,CAYENNE,Cayenne Turbo S,Zuzwil
Green,Bentley,CONTINENTAL,Continental Supersports Conv.,Zuzwil
Black,Rolls-Royce,Silver Spirit,Mk. I,Zuzwil
Black,Porsche,911,GT3 CUP,Zuzwil
Beige,Mercedes-Benz,SL 500,SL 500,Zuzwil
Black,Audi,RS4,RS4 Cabriolet 4.2 quattro,Zuzwil
Black,Honda,ACCORD,Accord Coupé V6 3.0i VTEC,Zuzwil
Silver,Audi,RS6,RS6 Avant 5.0 V10 quattro,Zuzwil
Silver,Porsche,911,911 GT3,Zuzwil
Gray,Ruf,null,CTR 2 Sport,Zuzwil
Gray,Audi,RS6,RS6 Avant quattro,Zuzwil
Red,Jaguar,S-TYPE,S-Type 4.0 V8,Zuzwil
Black,Mercedes-Benz,SLK 230,SLK 230 Kompressor,Zuzwil
Black,Chrysler,VIPER,Viper RT/10,Zuzwil
Silver,Renault,SPORT SPIDER,Spider 2.0 16V TURBO,Zuzwil
Blue,BMW,728,728i,Zuzwil
Blue,Ferrari,F430,F430 Spider,Porrentruy
Silver,Mercedes-Benz,SL 500,SL 500,Zuzwil
Green,Porsche,911,911 Turbo,Zuzwil
Red,BMW,M5,M5,Zuzwil
Black,Maserati,QUATTROPORTE,Quattroporte 4.2 Sport GT,Zuzwil
Black,BMW,750,750i xDrive,Zuzwil
Black,BMW,540,540i,Zuzwil
Gray,Maserati,SPYDER GT,Spyder GT,Zuzwil
Black,Renault,Alpine A110,Modell 1400 FASA,Zuzwil
White,Autobianchi,A112,Abarth Serie II,Zuzwil
Orange,Alfa Romeo,GTV,6 2.5,Zuzwil
Blue,Lamborghini,DIABLO,Diablo 5.7,Zuzwil
Silver,Mercedes-Benz,280,3.5 V8 Cabrio,Sursee
White,Renault,ALPINE,A310 2700 VA,Zuzwil
Gray,Mercedes-Benz,S 500,S 500,Zuzwil
Black,BMW,X5,X5 4.4i,Zuzwil
Black,Land Rover,RANGE ROVER,Range Rover 4.6 HSE,Zuzwil
Black,Mercedes-Benz,CLK 63 AMG,CLK 63 AMG Black Series,Zuzwil
White,De Tomaso,PANTERA,null,Zuzwil
Gray,BMW,X5,X5 4.6is,Zuzwil
Black,Saab,9-3,9-3 2.0i-16 TS Aero,Zuzwil
Black,BMW,730,730d,Zuzwil
Black,Lotus,ESPRIT,Esprit 3.5 V8 SE,Zuzwil
Blue,Alpina,5 SERIES,B7 TURBO,Zuzwil
Blue,Ferrari,F360,F360 Modena Berlinetta,Zuzwil
Yellow,Ferrari,456,456M GT,Zuzwil
Gray,Porsche,911,911 Carrera Cabrio,Zuzwil
Gray,Porsche,911,911 Carrera,Zuzwil
Green,Chevrolet,CORVETTE,Corvette ZR1,Zuzwil
Black,Mercedes-Benz,SL 55 AMG,SL 55 AMG,Zuzwil
Silver,Chevrolet,CORVETTE,Corvette Z06,Zuzwil
Silver,BMW,M6,M6,Zuzwil
Gray,Dodge,VIPER,null,Zuzwil
Green,Audi,S8,S8 4.2 quattro,Zuzwil
Black,Mercedes-Benz,S 500,S 500,Zuzwil
Silver,Renault,R5,Alpine,Zuzwil
Silver,Renault,Alpine A110,1300,Zuzwil
White,Alfa Romeo,SPIDER,1300 Junior,Zuzwil
Black,Trabant,null,1300S Trabusa,Zuzwil
Blue,Renault,Alpine A110,1600 SX,Zuzwil
Gray,Porsche,924,null,Zuzwil
Green,BMW,323,323i,Zuzwil
Red,Mercedes-Benz,CL 600,CL 600,Zuzwil
Blue,Mercedes-Benz,SLR,McLaren Coupé,Zuzwil
Black,Lamborghini,MURCIÉLAGO,Murciélago LP670-4 SV Cpé,Zuzwil
Black,Lotus,null,HKT Seven GTS,Zuzwil
White,BMW,330,330i,Zuzwil
Blue,Bentley,BROOKLANDS,Brooklands,Zuzwil
Blue,MG,null,Roadster,Zuzwil
Black,BMW,328,328i A Cabrio,Zuzwil
Blue,Daihatsu,CHARADE,Charade 1.0 Turbo,Zuzwil
Silver,Renault,R5,Alpine Turbo,Zuzwil
Silver,Mercedes-Benz,E 55 AMG,E 55 AMG Avantgarde,Zuzwil
Other,Ferrari,F430,F430,Zuzwil
Yellow,Mazda,626,626 2.0i-16V HPV,Zuzwil
Gray,Jaguar,S-TYPE,S-Type 4.2 V8 S/C R,Zuzwil
Gray,Audi,A8,A8 4.2 quattro,Zuzwil
Green,Mercedes-Benz,SL 63 AMG,SL 63 AMG,Zuzwil
Gray,Porsche,CAYENNE,Cayenne Turbo Techart Magnum Kit,Zuzwil
Black,Ferrari,F355,F355 Berlinetta,Zuzwil
Black,Porsche,911,911 Carrera 4S Cabrio,Zuzwil
Silver,Alpina,3 SERIES,B3 3.3 S,Zuzwil
Silver,Mercedes-Benz,ML 400,ML 400 CDI,Zuzwil
White,Peugeot,205,Turbo 16V,Zuzwil
Gray,BMW,530 Gran Turismo,530d GT,Zuzwil
Gray,Porsche,CAYENNE,Cayenne S,Zuzwil
Black,Mercedes-Benz,B 200,B 200 T Sailing Edition,Zuzwil
Blue,Mercedes-Benz,SL 55 AMG,SL 55 AMG,Zuzwil
White,Mercedes-Benz,CL 600,CL 600,Zuzwil
Blue,Mercedes-Benz,E 63 AMG,E 63 AMG S 4Matic,Zuzwil
Green,Aston Martin,DBS,DBS Volante,Zuzwil
Black,Mercedes-Benz,SL 320,SL 320,Zuzwil
Blue,Mercedes-Benz,E 55 AMG,E 55 AMG Avantgarde,Zuzwil
Gray,Audi,A8,A8 4.2 quattro,Zuzwil
Gray,Mercedes-Benz,SLK 200,SLK 200,Zuzwil
Green,Mercedes-Benz,S 600,S 600,Zuzwil
Green,Porsche,911,911 Turbo S Cabrio SPEED ART 580PS,Zuzwil
Black,Renault,null,DAUPHINE GORDINI,Zuzwil
Black,Porsche,911,911 Carrera Cabrio,Zuzwil
Silver,BMW,750,750iL,Zuzwil
Silver,BMW,M5,M5,Zuzwil
Silver,Maserati,COUPÉ GT,Coupé GT,Zuzwil
White,Audi,RS6,RS6 Avant 5.0 V10 quattro,Zuzwil
Blue,Subaru,IMPREZA,Impreza 2.5T WRX,Zuzwil
Gray,VW,BEETLE,New Beetle Cup,Zuzwil
Black,Lamborghini,AVENTADOR,Aventador LP700-4 Rds,Zuzwil
Black,Porsche,CAYENNE,Cayenne Turbo,Zuzwil
Black,Porsche,911,911 Carrera Cabrio,Zuzwil
Black,Alpina,3 SERIES,B3 3.2 Coupé S.Tronic,Zuzwil
Gray,Ferrari,F355,F355 GTS,Zuzwil
Black,Mercedes-Benz,E 63 AMG,E 63 AMG,Zuzwil
Silver,Mercedes-Benz,S 65 AMG,S 65 AMG L,Zuzwil
Silver,Porsche,PANAMERA,Panamera 4S 4.8,Zuzwil
Blue,Mercedes-Benz,SL 320,SL 320,Zuzwil
Yellow,Mercedes-Benz,190,190 E 2.5-16 Evo II ABS,Zuzwil
Green,Land Rover,RANGE ROVER,Range Rover 4.6 HSE,Zuzwil
Black,Lamborghini,GALLARDO,Gallardo LP560-4 Coupé,Zuzwil
Black,BMW,X5,X5 4.4i,Zuzwil
Black,BMW,X5,X5 4.6is,Zuzwil
Silver,Mercedes-Benz,E 430,E 430 Avantgarde,Zuzwil
Silver,Datsun,280,ZX,Zuzwil
White,Bentley,CONTINENTAL,Continental FlyingSpur6.0,Zuzwil
White,AGM,null,WLR,Zuzwil
Gray,Ferrari,456,456M GTA,Zuzwil
Black,Porsche,911,911 GT3 RS,Sursee
Black,Mercedes-Benz,CL 600,CL 600,Zuzwil
Silver,Ferrari,575M,575M,Zuzwil
Purple,Chevrolet,CORVETTE,C2,Zuzwil
Gray,Aston Martin,Virage,Virage,Zuzwil
Gray,Audi,RS6,RS6 Avant quattro,Zuzwil
Gray,Mercedes-Benz,S 320,S 320 CDI,Zuzwil
Black,Porsche,911,911 GT3,Zuzwil
Blue,Porsche,911,911 Turbo,Zuzwil
Black,Jaguar,XK,XKR S/C Convertible,Zuzwil
Black,Smart,FORTWO,Fortwo passion,Zuzwil
Silver,Mercedes-Benz,SL 65 AMG,BLACK SERIES,Zuzwil
Silver,Audi,RS6,RS6 Avant 5.0 V10 quattro,Zuzwil
Blue,Audi,RS6,RS6 Avant 4.0 TFSI V8 qu,Zuzwil
White,Bentley,ARNAGE,Arnage Green Label,Zuzwil
Other,Audi,A6,A6 Avant 2.7 T q.Ambiente,Zuzwil
Gray,Renault,Alpine A110,1600 SX,Zuzwil
Gray,Porsche,PANAMERA,Panamera Turbo 4.8,Zuzwil
Red,Ferrari,F360,F360 Spider,Zuzwil
Silver,Renault,ALPINE,Alpine A310 V6,Zuzwil
Green,Fiat,Dino,2400 Coupé,Zuzwil
Black,Audi,S6,S6 Avant quattro 4.2,Zuzwil
Black,Maserati,QUATTROPORTE,Quattroporte 4.2,Zuzwil
Blue,Jaguar,XJ,XJ8 4.2 V8 Sovereign,Zuzwil
White,Mercedes-Benz,S 65 AMG,S 65 AMG L,Zuzwil
Orange,Porsche,911,GT3 CUP Rennwagen,Zuzwil
Red,Ferrari,F355,F355 Spider,Zuzwil
Black,Mercedes-Benz,SLK 200,SLK 200 Kompressor,Zuzwil
Black,Renault,ALPINE,Alpine A310 V6,Zuzwil
Silver,Porsche,PANAMERA,Panamera 4S 4.8,Zuzwil
Gray,Bugatti,EB,110 GT/SS,Zuzwil
Silver,Renault,CLIO,Clio 3.0 Sport V6,Zuzwil
Silver,Lamborghini,AVENTADOR,Aventador LP700-4 Rds,Sursee
Silver,Toyota,COROLLA,Corolla 1600 GTi TC16,Zuzwil
Silver,Porsche,911,911 Turbo,Zuzwil
Black,Mercedes-Benz,SL 600,SL 600,Zuzwil
Black,Ferrari,458,458 Italia 4.5 V8,Zuzwil
Black,Ferrari,612,612,Zuzwil
Silver,Volvo,S60,S60 2.4T,Zuzwil
Gray,Land Rover,RANGE ROVER,Range Rover 3.6 d HSE,Zuzwil
Black,Mercedes-Benz,SL 500,SL 500,Zuzwil
Black,Alpina,5 SERIES,B5 BiTurbo 4.4 V8,Zuzwil
Silver,Maserati,GRANSPORT,Coupé GranSport,Zuzwil
Silver,Audi,QUATTRO,quattro Turbo 20V,Zuzwil
Gray,Lotus,ELISE,Elise,Zuzwil
White,Jaguar,XK,XKR S/C,Zuzwil
Blue,Alpina,6 SERIES,B6 4.4 V8 Cabrio,Zuzwil
Black,BMW,X5,X5 4.6is,Zuzwil
Blue,Toyota,CELICA,2000GT,Zuzwil
Silver,Mercedes-Benz,CL 600,CL 600,Zuzwil
Silver,Ferrari,F355,F355 Berlinetta,Zuzwil
Silver,Mercedes-Benz,E 420,E 420 Avantgarde,Zuzwil
Blue,Renault,ALPINE,Alpine A310 V6,Zuzwil
Green,Alfa Romeo,ALFASUD,Alfasud 1.5 ti,Zuzwil
Black,Renault,Alpine A110,1600 S,Zuzwil
Black,Talbot,null,Sunbeam Lotus,Zuzwil
Red,Mercedes-Benz,SL 600,SL 600,Zuzwil
Blue,Mercedes-Benz,null,SL 250 Pagode,Zuzwil
Blue,Audi,RS4,RS4 Avant quattro,Zuzwil
Black,Mercedes-Benz,600-SERIES,611 DS,Zuzwil
Silver,Toyota,CELICA,1600 GT DOHC,Zuzwil
Gray,Porsche,CAYENNE,Cayenne Turbo,Zuzwil
Red,Opel,SPEEDSTER,Speedster 2.0 16V Turbo,Zuzwil
Black,Yes!,null,Roadster 3.2,Zuzwil
Black,Dodge,Ram,SRT-10,Zuzwil
Silver,BMW,2002,Turbo,Zuzwil
White,BMW,740,740i,Zuzwil
Blue,BMW,2002,Turbo,Zuzwil
Blue,Lamborghini,MURCIÉLAGO,Murciélago 6.2 Coupé,Zuzwil
Blue,Land Rover,RANGE ROVER SPORT,Range Rover Sport 4.2 V8 SC,Zuzwil
Black,Mercedes-Benz,SLK 55 AMG,SLK 55 AMG,Zuzwil
Black,Bentley,ARNAGE,Arnage T,Zuzwil
Black,Mercedes-Benz,SL 55 AMG,SL 55 AMG,Zuzwil
Silver,Mercedes-Benz,SL 500,SL 500,Zuzwil
Blue,Maserati,QUATTROPORTE,Quattroporte 4.2,Zuzwil
Gray,Bugatti,null,Veyron 16.4,Sursee
Black,Lamborghini,GALLARDO,Gallardo LP570-4 Coupé SL,Zuzwil
Black,Renault,Alpine A110,1600 SC,Zuzwil
Black,BMW,740,740i,Zuzwil
White,Mercedes-Benz,A 150,A 150 Classic,Zuzwil
Gray,Mercedes-Benz,CLK 430,CLK 430 Elégance,Zuzwil
Gray,Mercedes-Benz,SL 500,SL 500,Zuzwil
Red,Porsche,911,911 Turbo S Cabrio,Zuzwil
Black,Mercedes-Benz,E 63 AMG,E 63 AMG Avantgarde,Zuzwil
Silver,Ferrari,MONDIAL,Mondial 3.4 T,Zuzwil
Silver,Porsche,911,911 Carrera 4S,Zuzwil
White,Renault,ESPACE,Espace 2.0 T Privilège,Zuzwil
Black,VW,PHAETON,Phaeton 6.0 W12 4Motion,Zuzwil
Black,Mercedes-Benz,SL 600,SL 600,Zuzwil
Black,Renault,Alpine A110,1300,Zuzwil
Black,Rolls-Royce,Silver Spur,null,Zuzwil
Blue,Mercedes-Benz,SL 600,SL 600,Zuzwil
Gray,Renault,Alpine A110,1600S VC,Zuzwil
Green,Mercedes-Benz,S 500,S 500 L,Porrentruy
Green,Peugeot,406,406 Coupé 3.0 V6 Pack,Zuzwil
Green,Mercedes-Benz,SL 500,SL 500,Zuzwil
Black,Lotus,EUROPA,null,Zuzwil
Silver,Bentley,ARNAGE,Arnage Green Label,Zuzwil
White,Mazda,MX-5,MX-5 1.8i 16V Confort,Zuzwil
White,Mercedes-Benz,SL 55 AMG,SL 55 AMG,Zuzwil
Blue,BMW,530,530d Touring,Zuzwil
Gray,Audi,RS6,RS6 Avant 5.0 V10 quattro,Zuzwil
Green,BMW,Z4,Z4 2.5i Roadster,Zuzwil
Black,Mercedes-Benz,CLS 500,CLS 500,Zuzwil
Silver,Mercedes-Benz,S 500,S 500,Zuzwil
White,Jaguar,XJ 220,null,Zuzwil
Black,Nissan,SUNNY,2.0 16V GTI-R Rallye,Zuzwil
Blue,Lamborghini,MURCIÉLAGO,Murciélago LP640-4 Cpé,Zuzwil
Black,Alfa Romeo,166,166 3.0 V6 24V Super,Zuzwil
Black,Porsche,911,911 Carrera,Zuzwil
Silver,Mercedes-Benz,S 320,S 320,Zuzwil
Purple,Jaguar,null,D-Type XKD525,Zuzwil
Gray,Alpina,3 SERIES,B8,Zuzwil
Silver,BMW,2002,Turbo,Zuzwil
White,Bentley,CONTINENTAL,Continental GT 6.0,Zuzwil
Blue,Aston Martin,DB7,DB7,Zuzwil
Green,BMW,633,CSI A,Zuzwil
Black,Mercedes-Benz,CL 500,CL 500,Zuzwil
Silver,Ferrari,365,Daytona Plexiglas,Sursee
Brown,BMW,Z4,Z4 2.5i Roadster,Zuzwil
Black,Audi,RS6,RS6 Avant quattro,Zuzwil
Green,Mercedes-Benz,CL 55 AMG,CL 55 AMG,Zuzwil
Black,Jeep,Grand Cherokee,Grand Cherokee 5.2 Ltd.,Zuzwil
Black,Mercedes-Benz,SL 600,SL 600,Zuzwil
Blue,Jaguar,S-TYPE,S-Type 4.0 V8,Zuzwil
Silver,BMW,X5,X5 4.4i,Zuzwil
Gray,Toyota,CELICA,Celica 2800 i Supra,Zuzwil
Blue,Lamborghini,DIABLO,Diablo 5.7,Porrentruy
Black,Ferrari,575M,575M,Zuzwil
Gray,Audi,RS6,RS6 Avant 5.0 V10 quattro,Zuzwil
Red,Mercedes-Benz,SL 55 AMG,SL 55 AMG,Zuzwil
Black,BMW,760,760i L,Zuzwil
Black,Mercedes-Benz,CL 65 AMG,CL 65 AMG,Zuzwil
Silver,BMW,545,545i,Zuzwil
Silver,Bentley,ARNAGE,Arnage T,Basel
Blue,Porsche,911,911 Turbo,Zuzwil
Green,Ferrari,Dino,246 GTS,Sursee
Orange,Mercedes-Benz,null,SL 60,Zuzwil
Black,Mercedes-Benz,SL 600,SL 600,Zuzwil
Green,Saab,9-3,9-3 2.0i-16 T SE,Zuzwil
Red,Porsche,944,944 S2 Cabriolet ABS,Zuzwil
Black,BMW,135,135i,Zuzwil
Silver,Mercedes-Benz,S 65 AMG,S 65 L AMG 650PS,Zuzwil
Silver,BMW,M5,M5,Zuzwil
Other,Mercedes-Benz,S 500,S 500,Zuzwil
Gold,Chevrolet,CORVETTE,Corvette ZR1,Zuzwil
Gray,Porsche,911,911 Turbo,Zuzwil
Red,Audi,RS6,RS6 Avant quattro,Zuzwil
Red,Mercedes-Benz,SL 500,SL 500,Zuzwil
Black,Porsche,CAYENNE,Cayenne Turbo,Zuzwil
Silver,Lancia,DELTA,Delta HF Integrale Evo 4V,Zuzwil
Blue,Mercedes-Benz,SL 600,SL 600,Zuzwil
Gray,Audi,R8,R8 Coupé 4.2,Zuzwil
Gray,Mercedes-Benz,SL 500,SL 500,Zuzwil
Green,Audi,A8,A8 4.2 quattro,Zuzwil
Green,Ferrari,348,348 tb,Zuzwil
Beige,Mercedes-Benz,CLS 63 AMG,CLS 63 AMG,Zuzwil
Orange,Maserati,QUATTROPORTE,Quattroporte 4.2 Exec. GT,Zuzwil
Black,Mercedes-Benz,R 500,R 500 4Matic,Zuzwil
Silver,Porsche,911,911 Turbo II,Zuzwil
Blue,Chevrolet,CAMARO,null,Sursee
Blue,Lamborghini,GALLARDO,Gallardo LP570-4 Coupé SL,Zuzwil
Other,Bentley,null,T 2,Zuzwil
Black,Audi,RS6,RS6 Avant quattro,Zuzwil
Silver,Ferrari,F360,F360 Spider,Zuzwil
Blue,Audi,A6,A6 4.2 V8 quattro,Zuzwil
Red,Mercedes-Benz,E 63 AMG,E 63 AMG,Zuzwil
Blue,Ferrari,456,456M GT,Zuzwil
Black,Mercedes-Benz,CL 600,CL 600,Zuzwil
Black,BMW,320,320d Touring,Zuzwil
Gray,Renault,ALPINE,Alpine A310 V6,Zuzwil
Green,Lexus,GS,GS 450h,Zuzwil
Blue,Mercedes-Benz,SL 55 AMG,SL 55 AMG,Zuzwil
Red,Mercedes-Benz,SL 500,SL 500,Zuzwil
Black,Bentley,CONTINENTAL,Continental Supersports Conv.,Zuzwil
Black,BMW,M6,M6,Zuzwil
Gray,Mazda,RX-7,RX-7 2.6 Turbo II,Zuzwil
Red,Bentley,Mulsanne,Turbo,Zuzwil
Black,BMW,750,750iL,Zuzwil
Black,Mercedes-Benz,SL-CLASS,500 SL,Zuzwil
White,Chevrolet,CORVETTE,C1,Zuzwil
Gray,Land Rover,RANGE ROVER,Range Rover 4.4TD Vogue,Zuzwil
Gray,Audi,RS6,RS6 Avant 5.0 V10 quattro,Zuzwil
Blue,Porsche,911,911 Carrera 4 Cabrio TECHART,Zuzwil
Silver,Porsche,911,911 GT3,Zuzwil
Blue,Ferrari,575M,575M,Zuzwil
Yellow,Ferrari,F355,F355 Berlinetta,Zuzwil
Green,Audi,A6,A6 2.8 Ambiente,Zuzwil
Red,Audi,A8,A8 4.2 quattro,Zuzwil
Black,BMW,530,530i Touring,Zuzwil
Black,BMW,M5,M5,Zuzwil
Black,Renault,ALPINE,Alpine A310 V6,Zuzwil
White,MINI,MINI,1000,Safenwil
Gray,BMW,740,740i,Zuzwil
Black,Ferrari,F40 / F50,null,Sursee
Gray,Ford,MUSTANG,Shelby GT500,Zuzwil
White,Mercedes-Benz,CLS 63 AMG,CLS 63 AMG,Zuzwil
Blue,Lamborghini,GALLARDO,Gallardo LP550-2 Cpé V.B.,Zuzwil
Gray,Mercedes-Benz,E 500,E 500 Limited,Zuzwil
Black,Jeep,Grand Cherokee,Grand Cherokee 5.2 Ltd.,Zuzwil
Silver,Porsche,CAYENNE,Cayenne Turbo,Zuzwil
Blue,Porsche,911,911 Turbo Cabrio,Zuzwil
Green,Mercedes-Benz,ML 63 AMG,ML 63 AMG 4Matic,Zuzwil
Black,Mercedes-Benz,SL 500,SL 500,Zuzwil
Black,Bentley,CONTINENTAL,Continental GT Speed 6.0,Zuzwil
Black,Maserati,GRANTURISMO,GranTurismo,Zuzwil
Silver,Chevrolet,CORVETTE,Corvette ZR1,Zuzwil
Silver,Land Rover,RANGE ROVER,Range Rover 5.0 V8 SC,Zuzwil
Silver,PGO,null,Cevennes,Zuzwil
Yellow,Ferrari,TESTAR./512,Testarossa,Zuzwil
Red,Mercedes-Benz,E 50 AMG,E 50 AMG Avantgarde,Zuzwil
Black,Audi,RS6,RS6 Avant quattro,Zuzwil
Silver,Renault,ALPINE,1600 VF,Zuzwil
Black,Volvo,S40,S40 2.0 T,Zuzwil
Blue,Opel,SPEEDSTER,Speedster 2.2 16V,Zuzwil
Black,Fiat,SPIDER,CSA,Zuzwil
Blue,Mercedes-Benz,SL 600,SL 600,Zuzwil
Blue,Ferrari,458,458 Italia 4.5 V8 Speciale,Zuzwil
Other,Fiat,null,850 Spider,Zuzwil
Gray,Ferrari,575M,575M,Zuzwil
Gray,Mercedes-Benz,SL 350,SL 350,Zuzwil
Green,Mercedes-Benz,CL 600,CL 600,Zuzwil
Blue,Mercedes-Benz,CL 600,CL 600,Zuzwil
Black,Mercedes-Benz,SL 600,SL 600,Zuzwil
Silver,Nissan,200 SX,200 SX 1.8 16V Turbo,Zuzwil
Silver,BMW,328,328i Coupé,Zuzwil
Silver,BMW,M3,M3 CSL,Zuzwil
Gray,Chevrolet,CORVETTE,null,Zuzwil
Red,Audi,RS6,RS6 Avant 5.0 V10 quattro,Zuzwil
Blue,Alfa Romeo,GTV,GTV 6 2.5,Zuzwil
Silver,Ferrari,F360,F360 Spider,Zuzwil
Silver,Mercedes-Benz,CLK 320,CLK 320 Sport,Zuzwil
Silver,Audi,RS6,RS6 Avant 5.0 V10 quattro,Zuzwil
White,Renault,ALPINE,Alpine V6 Turbo,Zuzwil
Gray,BMW,535,535i Touring,Zuzwil
Gray,Audi,RS6,RS6 Avant quattro,Zuzwil
Green,Mercedes-Benz,null,E 60 Carlsson,Zuzwil
Blue,Porsche,PANAMERA,Panamera Turbo 4.8,Zuzwil
Blue,BMW,540,540i,Zuzwil
Green,Mercedes-Benz,ML 63 AMG,ML 63 AMG 4Matic,Zuzwil
Black,Mercedes-Benz,S 63 AMG,S 63 AMG L,Zuzwil
Black,Mercedes-Benz,SL 500,SL 500 Edition,Zuzwil
Black,Audi,RS4,RS4 Avant quattro,Zuzwil
Silver,Porsche,CARRERA GT,Carrera GT,Zuzwil
White,Mercedes-Benz,S 63 AMG,S 63 AMG L,Zuzwil
Blue,Alpina,7 SERIES,B7 Turbo Coupé,Zuzwil
Gray,Mercedes-Benz,S 500,S 500 L,Zuzwil
Gray,Land Rover,RANGE ROVER,Range Rover 4.6 HSE,Zuzwil
Gray,BMW,740,740i,Zuzwil
Green,Mercedes-Benz,CLS 55 AMG,CLS 55 AMG,Zuzwil
Red,Porsche,911,911 Turbo Cabrio,Zuzwil
Black,Renault,ALPINE,2700VA,Zuzwil
Black,Toyota,DYNA,Bergungsfahrzeug,Zuzwil
Silver,McLaren,12C,MP4-12C Coupé 3.8 V8,Zuzwil
Blue,Audi,RS6,RS6 Avant quattro,Zuzwil
White,Mercedes-Benz,SL 500,SL 500,Zuzwil
Blue,Renault,Alpine A110,A5 Motor,Zuzwil
Black,Audi,S8,S8 4.2 quattro,Zuzwil
Black,Porsche,911,911 Carrera,Zuzwil
Blue,Bentley,ARNAGE,Arnage Red Label,Zuzwil
Gray,Bentley,ARNAGE,Arnage R,Zuzwil
Black,Mercedes-Benz,SLK 55 AMG,SLK 55 AMG,Zuzwil
Black,Land Rover,RANGE ROVER SPORT,Range Rover Sport 5.0 V8 SC,Zuzwil
Silver,Mercedes-Benz,SL 500,SL 500,Zuzwil
Blue,Audi,RS4,RS4 Avant quattro,Zuzwil
White,Mercedes-Benz,SL 500,SL 500,Zuzwil
Blue,Ferrari,F360,F360 Modena Berlinetta,Porrentruy
Gray,Austin-Healey,null,100/Six BN6 Roadster,Safenwil
Black,Lamborghini,GALLARDO,Gallardo Superleggera,Zuzwil
Silver,Triumph,Dolomite,Sprint,Zuzwil
Silver,Renault,Alpine A110,1600S,Zuzwil
Blue,Mercedes-Benz,E 240,E 240 Avantgarde,Zuzwil
Green,Ferrari,575M,NOVITEC,Zuzwil
Silver,Audi,A6,A6 2.4,Zuzwil
White,Ferrari,575M,575M,Zuzwil
Blue,Renault,ALPINE,A310 1600 VG,Zuzwil
Yellow,Bentley,CONTINENTAL,Continental FlyingSpur6.0,Zuzwil
Gray,Ferrari,612,612,Zuzwil
Gray,Porsche,911,911 Carrera,Zuzwil
Green,Mercedes-Benz,SL 63 AMG,SL 63 AMG,Zuzwil
Red,BMW,740,740i,Zuzwil
Red,Mercedes-Benz,SL 65 AMG,BLACK SERIES,Zuzwil
Black,Audi,RS6,RS6 Avant 5.0 V10 quattro,Zuzwil
Black,Mercedes-Benz,G 55 AMG,G 55 AMG,Zuzwil
Silver,Mercedes-Benz,SL 65 AMG,SL 65 AMG,Zuzwil
White,Mercedes-Benz,ML 500,ML 500 4Matic,Zuzwil
Other,Audi,A8,A8 4.2 quattro,Zuzwil
Red,Mercedes-Benz,E 63 AMG,E 63 AMG CGI,Zuzwil
Black,Maserati,GRANTURISMO,GranTurismo S,Zuzwil
Black,Land Rover,RANGE ROVER,Range Rover 4.6 HSE,Zuzwil
Black,Mercedes-Benz,S 600,S 600 L,Zuzwil
White,Ferrari,458,458 Spider Italia 4.5 V8,Zuzwil
Green,Simca,null,Rallye2,Zuzwil
Black,VW,PHAETON,Phaeton 6.0 W12 4Motion,Zuzwil
Black,Porsche,911,911 Turbo,Zuzwil
Silver,Mercedes-Benz,CL 55 AMG,CL 55 AMG,Zuzwil
Silver,VW,GOLF,Golf 2.0 TFSI GTI,Zuzwil
Red,BMW,X5,X5 4.8is,Zuzwil
Black,Lamborghini,MURCIÉLAGO,Murciélago 6.2 Coupé,Zuzwil
Black,Audi,RS4,RS4 Avant quattro,Zuzwil
Silver,Mercedes-Benz,E 55 AMG,E 55 AMG Avantgarde,Zuzwil
White,Chevrolet,Silverado,2500HD 6.6l V8,Zuzwil
Blue,Audi,A8,A8  6.0 quattro,Zuzwil
Gray,Audi,RS6,RS6 Avant 5.0 V10 quattro MTM,Zuzwil
Blue,Maserati,COUPÉ GT,Coupé GT,Zuzwil
Gray,Mercedes-Benz,CLK 63 AMG,CLK 63 AMG Black Series,Zuzwil
Gray,Porsche,CAYENNE,Cayenne Turbo,Zuzwil
Black,Bentley,BROOKLANDS,Brooklands,Zuzwil
Black,Mercedes-Benz,E 240,E 240 Elégance,Zuzwil
Blue,Maserati,SPYDER GT,Spyder GT,Zuzwil
Blue,Audi,RS6,RS6 Avant 5.0 V10 quattro,Zuzwil
Blue,Renault,ALPINE,Alpine A310 V6,Zuzwil
Black,Audi,S3,S3 quattro,Zuzwil
Black,Audi,RS6,RS6 Avant 4.0 TFSI V8 qu,Zuzwil
Black,Porsche,911,911 GT2,Zuzwil
Silver,Audi,RS4,RS4 4.2 V8 quattro,Zuzwil
Silver,Alfa Romeo,8C,null,Porrentruy
Gray,Mercedes-Benz,SL 600,SL 600,Zuzwil
Gray,Mercedes-Benz,E 500,E 500 Avantgarde,Zuzwil
Black,Audi,RS6,RS6 Avant quattro,Zuzwil
Black,Porsche,911,911 GT3,Zuzwil
Gray,BMW,323,323i,Zuzwil
Black,Ferrari,F360,F360 Modena Berlinetta,Zuzwil
Blue,Lancia,DELTA,Integrale EVO,Zuzwil
Gray,Porsche,911,911 Carrera 4,Zuzwil
Red,Rolls-Royce,Silver Shadow,II,Zuzwil
Black,Mercedes-Benz,SL 500,SL 500,Zuzwil
Silver,Mercedes-Benz,190,190 E 2.5-16 ABS,Zuzwil
Blue,Mercedes-Benz,SLK 230,SLK 230 Kompressor,Zuzwil
Gray,Porsche,911,911 Carrera Targa,Zuzwil
Blue,Triumph,Spitfire,MK IV,Zuzwil
Black,BMW,M6,M6,Zuzwil
Silver,MG,null,M Roadster,Zuzwil
Purple,Lamborghini,DIABLO,Diablo 5.7 SV,Porrentruy
White,BMW,M5,M5,Zuzwil
Blue,BMW,M3,M3,Zuzwil
Yellow,Porsche,911,911 Turbo S Cabrio PDK,Zuzwil
Gray,Mercedes-Benz,S-CLASS,S 55 L AMG,Zuzwil
Black,VW,TOUAREG,Touareg R50 V10,Zuzwil
Black,Mercedes-Benz,null,CL 5.8 BRABUS,Zuzwil
Black,Mercedes-Benz,SL 500,SL 500,Zuzwil
Silver,Mercedes-Benz,SL 320,SL 320,Zuzwil
Gray,Ruf,null,RT 12,Zuzwil
Black,Daimler,V8,V8 4.0,Zuzwil
Black,Porsche,911,911 Turbo Cabrio,Zuzwil
Silver,Mercedes-Benz,SLR,McLaren,Zuzwil
Silver,Ferrari,612,612,Zuzwil
White,Porsche,CAYENNE,Cayenne S,Zuzwil
Blue,Mercedes-Benz,S 55 AMG,S 55 AMG,Zuzwil
Blue,Audi,RS6,RS6 Avant quattro,Zuzwil
Black,Mercedes-Benz,SL 500,SL 500,Zuzwil
Black,Porsche,911,GTR (GT3),Zuzwil
Silver,Porsche,911,911 Carrera 4,Zuzwil
Blue,Lamborghini,MURCIÉLAGO,Murciélago LP640-4 Cpé,Zuzwil
Silver,Mercedes-Benz,CL 600,CL 600,Zuzwil
Blue,BMW,750,750i,Zuzwil
Red,Audi,A6,A6 Avant 2.7 T Ambition,Zuzwil
Black,Opel,FRONTERA,Frontera 3.2i V6 Limited,Zuzwil
Silver,Audi,RS6,RS6 Avant quattro,Zuzwil
Blue,Maserati,COUPÉ GT,Coupé GT,Zuzwil
Red,Bentley,ARNAGE,Arnage T,Zuzwil
Black,Mercedes-Benz,SL 500,SL 500,Zuzwil
Black,BMW,523,523i Touring,Zuzwil
Silver,BMW,M6,M6,Zuzwil
Silver,Aston Martin,DB9,DB9 Volante,Zuzwil
Blue,Maserati,QUATTROPORTE,Quattroporte 4.7 S,Zuzwil
Blue,Mercedes-Benz,E 55 AMG,E 55 AMG Avantgarde,Zuzwil
Blue,Renault,ALPINE,Alpine A310 V6,Zuzwil
Black,Mercedes-Benz,S 320,S 320,Zuzwil
Blue,Porsche,BOXSTER,Boxster S 3.2,Zuzwil
Green,BMW,323,Alpina Look,Zuzwil
Gray,Mercedes-Benz,E 320,E 320 Elégance 4-Matic,Zuzwil
Black,Porsche,911,911 Carrera 4 S Cabrio,Zuzwil
Black,Mercedes-Benz,SL 500,SL 500,Zuzwil
Silver,BMW,M5,M5,Zuzwil
White,Lamborghini,null,Reventon Coupé,Porrentruy
Gray,Ferrari,F360,F360 Modena Berlinetta,Zuzwil
Black,BMW,M3,M3,Zuzwil
Black,Porsche,CAYENNE,Cayenne Turbo,Zuzwil
Black,Mercedes-Benz,S 500,S 500,Zuzwil
Black,Audi,RS4,RS4 Avant 4.2 FSI quattro,Zuzwil
Silver,BMW,2002,tii,Zuzwil
Gray,Giottiline,null,Therry T22,Zuzwil
Gray,Porsche,911,911 Turbo,Zuzwil
Gray,Ferrari,456,456 GTA,Zuzwil
Black,Mercedes-Benz,SL 55 AMG,SL 55 AMG,Zuzwil
Black,Porsche,911,911 Turbo Cabrio,Zuzwil
Silver,Audi,A8,A8 4.2 quattro,Zuzwil
White,Hummer,H3,H3 3.7 Adventure,Zuzwil
Black,BMW,2002,Turbo,Zuzwil
Black,Mercedes-Benz,SLK 55 AMG,Black Series,Zuzwil
Black,Aston Martin,LAGONDA,Shooting Brake,Safenwil
Silver,Porsche,911,911 Turbo,Zuzwil
Silver,BMW,330,330xi,Zuzwil
Gray,Mercedes-Benz,S 65 AMG,S 65 AMG L,Zuzwil
Orange,Lamborghini,DIABLO,SV-R Race,Porrentruy
Black,Opel,VECTRA,Vectra 2.8 T V6 Cosmo,Zuzwil
Silver,Ford,MUSTANG,null,Sursee
Silver,Bentley,ARNAGE,Arnage Green Label,Zuzwil
Silver,Ferrari,F355,F355 Berlinetta,Zuzwil
Black,Mercedes-Benz,SL 55 AMG,SL 55 AMG,Zuzwil
Black,Mercedes-Benz,CL 63 AMG,CL 63 AMG FAB DESIGN,Zuzwil
Black,Lincoln,Continental,null,Zuzwil
Silver,Mercedes-Benz,CLS 500,CLS 500,Zuzwil
Purple,Renault,R5,R5 1400 Alpine Turbo,Zuzwil
Gray,Mercedes-Benz,ML 63 AMG,ML 63 AMG 4Matic,Zuzwil
Black,BMW,323,323Ci,Zuzwil
Silver,Triumph,TR3,null,Safenwil
Blue,Mercedes-Benz,E 320,E 320 Avantgarde,Zuzwil
Blue,BMW,Z1,null,Zuzwil
Blue,Volvo,C70,C70 T5,Zuzwil
Blue,Mercedes-Benz,CLK 55 AMG,CLK 55 AMG Avantgarde,Zuzwil
Gray,Ferrari,575M,575M,Zuzwil
Gray,Fiat,PUNTO,Punto 1.8 16V HGT,Zuzwil
Gray,Land Rover,DEFENDER,Defender 90 2.4Td4 SW,Zuzwil
Gray,Porsche,BOXSTER,Boxster S 3.2,Zuzwil
Gray,Austin-Healey,null,BT7 3000 Mk I,Zuzwil
Silver,Porsche,911,911 GT3,Zuzwil
Yellow,Morgan,4/4,4/4 1.8,Zuzwil
Gold,Daimler,XJ,Six 4.0,Zuzwil
Blue,BMW,750,750i,Zuzwil
Silver,Mercedes-Benz,SL 500,SL 500,Zuzwil
Other,BMW,M3,M3,Zuzwil
Gray,Mercedes-Benz,SL 55 AMG,SL 55 AMG,Zuzwil
Silver,Mercedes-Benz,CL 500,CL 500 Prime Edition,Zuzwil
Silver,Mercedes-Benz,CL 600,CL 600,Zuzwil
White,Rolls-Royce,PHANTOM,Phantom 6.7 V12,Zuzwil
Gray,Mercedes-Benz,CL 65 AMG,CL 65 AMG,Zuzwil
Gray,Mercedes-Benz,CL 500,CL 500 4Matic,Zuzwil
Black,Mercedes-Benz,E 50 AMG,E 50 AMG Avantgarde,Zuzwil
Black,BMW,535,535i,Zuzwil
Black,BMW,null,323 i E21,Zuzwil
Silver,Porsche,911,911 Turbo,Zuzwil
White,Mercedes-Benz,CLS 63 AMG,CLS 63 AMG,Zuzwil
Gray,Lamborghini,GALLARDO,Gallardo LP560-4 Spyder,Zuzwil
Green,Mercedes-Benz,CLK 55 AMG,CLK 55 AMG Avantgarde,Zuzwil
Red,Audi,RS6,RS6 Avant quattro,Zuzwil
Black,Mercedes-Benz,SL 600,SL 600,Zuzwil
Black,Bentley,ARNAGE,Arnage Red Label,Zuzwil
Blue,NSU,null,TTS,Zuzwil
Silver,Porsche,911,911 Carrera 2 RS,Zuzwil
Silver,VW,JETTA,Jetta 2.0 TDI Comfort,Zuzwil
Gray,Mercedes-Benz,SL 600,SL 600,Zuzwil
Black,Mercedes-Benz,C 180,C 180 Esprit,Zuzwil
Black,Alpina,5 SERIES,B5 BiTurbo 4.4 V8,Zuzwil
Black,Mercedes-Benz,S 500,S 500 L,Zuzwil
White,Audi,A4,A4 3.0 V6,Zuzwil
Yellow,Daewoo,TACUMA,Tacuma 2000i CDX,Zuzwil
Gray,Land Rover,RANGE ROVER,3.5,Zuzwil
Silver,Rolls-Royce,CORNICHE,Corniche,Zuzwil
Silver,Lamborghini,DIABLO,Diablo 5.7 VT,Zuzwil
Silver,Audi,A8,A8 4.2 quattro,Zuzwil
Red,Mercedes-Benz,E 350,E 350 Elégance 4Matic,Zuzwil
Black,Mercedes-Benz,S 55 AMG,S 55 AMG,Zuzwil
Black,Bentley,CONTINENTAL,Continental GT 6.0,Zuzwil
Silver,Porsche,911,911 Turbo,Zuzwil
Gray,Chevrolet,CORVETTE,Corvette Z06,Zuzwil
Red,Mercedes-Benz,SL 65 AMG,SL 65 AMG,Zuzwil
Blue,Mercedes-Benz,CLS 500,CLS 500,Zuzwil
Black,Mercedes-Benz,SL 600,SL 600,Zuzwil
Black,Mercedes-Benz,ML 500,ML 500,Zuzwil
Black,Mercedes-Benz,SL 600,SL 600,Zuzwil
Silver,Ferrari,456,456M GT,Zuzwil
Blue,Mercedes-Benz,SL 55 AMG,SL 55 AMG,Zuzwil
White,BMW,320,320d xDrive M-Sportpaket,Zuzwil
Gray,Mercedes-Benz,C 63 AMG,BLACK SERIES (Coupé),Zuzwil
Green,McLaren,12C,MP4-12C Spider 3.8 V8,Zuzwil
Green,Audi,RS6,RS6 Avant 5.0 V10 quattro,Zuzwil
Black,Lamborghini,AVENTADOR,Aventador LP700-4 Rds,Porrentruy
Blue,Audi,RS4,RS4 4.2 V8 quattro,Zuzwil
Silver,Toyota,LAND CRUISER,FJ 40,Zuzwil
Gray,Mercedes-Benz,SL 600,SL 600,Zuzwil
Black,Aston Martin,V8 Vantage,V8 Vantage 4.3,Zuzwil
Black,Bentley,CONTINENTAL,Continental FlyingSpur6.0,Zuzwil
Silver,Audi,R8,R8 GT Spyder 5.2,Zuzwil
Gray,Maserati,SPYDER GT,Spyder GT,Zuzwil
Gray,Lancia,DELTA,Delta HF Integrale Evo,Zuzwil
Black,Mercedes-Benz,CLS 63 AMG,CLS 63 AMG,Zuzwil
Silver,Porsche,911,911 Carrera Cabrio,Zuzwil
Silver,Ford,null,RS200 EVO Gruppe B,Zuzwil
White,Audi,RS6,RS6 Avant 5.0 V10 quattro,Zuzwil
White,Porsche,911,911 Carrera S Cabrio,Zuzwil
Other,Mitsubishi,LANCER,Lancer Evo VII,Zuzwil
Green,Mercedes-Benz,SLK 320,SLK 320,Zuzwil
Silver,Lamborghini,DIABLO,Diablo 5.7 VT,Zuzwil
White,Maserati,COUPÉ GT,Coupé GT,Zuzwil
Gray,Lamborghini,HURACAN,Huracan LP610-4 Coupé,Zuzwil
Gray,Mercedes-Benz,S 65 AMG,S 65 AMG L,Zuzwil
Gray,Audi,S6,S6 quattro 4.2,Zuzwil
Black,Lamborghini,DIABLO,Diablo 5.7 SV,Porrentruy
Silver,Porsche,911,911 Carrera S,Zuzwil
Red,Chrysler,300C,300C T 5.7 HEMI V8,Zuzwil
Black,Porsche,CAYENNE,Cayenne Turbo,Zuzwil
Black,Audi,A8,A8 4.2 quattro,Zuzwil
White,Ferrari,575M,575M,Zuzwil
Blue,Porsche,911,911 Turbo,Zuzwil
Gray,Audi,Cabriolet,Cabriolet 2.8 E,Zuzwil
Gray,Ford,CORTINA,Cortina Lotus,Zuzwil
Beige,Mercedes-Benz,E 55 AMG,E 55 AMG Avantgarde,Zuzwil
Black,Porsche,911,911 GT2,Zuzwil
Black,MG,METRO,6R4 Gruppe B,Zuzwil
Silver,Audi,RS6,RS6 Avant quattro,Zuzwil
Silver,Nissan,SUNNY,Sunny 2.0 16V GTI-R,Zuzwil
Blue,Mercedes-Benz,ML 63 AMG,ML 63 AMG 4Matic,Zuzwil
Gray,Ferrari,612,612,Zuzwil
Gray,Maserati,QUATTROPORTE,Quattroporte 4.7 S,Zuzwil
Green,Lamborghini,DIABLO,Diablo SE 30,Porrentruy
Silver,Audi,A8,A8 4.2 quattro,Zuzwil
Red,Ferrari,F430,F430,Zuzwil
Blue,Ferrari,F355,F355 Berlinetta,Zuzwil
Silver,Chrysler,VIPER,Viper GTS,Zuzwil
Gray,Lamborghini,null,Espada GT 400 Serie 3,Zuzwil
Other,Mercedes-Benz,null,170V B Cabrio 136,Zuzwil
Gray,Lamborghini,GALLARDO,Gallardo LP560-4 Coupé,Zuzwil
Black,Maserati,COUPÉ GT,Coupé GT,Zuzwil
Silver,VW,TOUAREG,Touareg 5.0 TDI V10,Zuzwil
Silver,Porsche,911,911 GT2,Zuzwil
Yellow,Toyota,MR2,MR2 2.0,Zuzwil
Green,Audi,R8,R8 Coupé 4.2,Zuzwil
Red,Mercedes-Benz,SL 600,SL 600,Zuzwil
Black,Mercedes-Benz,E 55 AMG,E 55 AMG Avantgarde,Zuzwil
Silver,Mercedes-Benz,E 55 AMG,E 55 AMG Avantgarde,Zuzwil
Silver,Wiesmann,COUPE,GT MF5,Zuzwil
Gray,Lamborghini,MURCIÉLAGO,Murciélago 6.2 Roadster,Zuzwil
Red,Renault,ALPINE,V6,Zuzwil
Black,Renault,R5,R5 1400 Alpine Turbo,Zuzwil
Black,Lamborghini,DIABLO,Diablo 5.7 VT Roadster,Porrentruy
Black,Lamborghini,GALLARDO,GallardoLP570-4CpéTecnica,St. Gallen
Black,Audi,RS6,RS6 Avant quattro,Zuzwil
Gray,Mercedes-Benz,S 500,S 500 L 4Matic,Zuzwil
Gray,Ford,null,T - Roadster,Zuzwil
Silver,Alfa Romeo,GT,1300 Junior,Zuzwil
Silver,Mercedes-Benz,SL 500,SL 500,Zuzwil
Silver,BMW,X5,X5 4.4i,Zuzwil
Other,Porsche,911,911 Turbo S Cabrio,Zuzwil
Gray,Bentley,TURBO,Turbo R,Zuzwil
Gray,Audi,RS6,RS6 Avant quattro,Zuzwil
Blue,Audi,S4,S4 Avant quattro,Zuzwil
Red,Jaguar,XJ,XJR 4.0 V8 S/C,Zuzwil
Black,Rolls-Royce,CORNICHE,II Coupé,Basel
Black,Ferrari,456,456 GTA,Zuzwil
Brown,BMW,328,328i,Zuzwil
Green,Porsche,911,911 Turbo,Zuzwil
Blue,Lincoln,Navigator,32 V,Zuzwil
Black,Ford,SIERRA,Sierra 2.0i Cosworth 4x4,Zuzwil
Silver,Audi,RS6,RS6 Avant quattro,Zuzwil
Silver,Mercedes-Benz,null,300SL Roadster,Sursee
Silver,Mercedes-Benz,ML 350,ML 350 Inspiration,Zuzwil
Silver,Bentley,CONTINENTAL,Continental GT Speed 6.0,St. Gallen
Black,BMW,528,528i Touring,Zuzwil
Black,BMW,740,740i,Zuzwil
Black,Mercedes-Benz,ML 430,ML 430,Zuzwil
Blue,Porsche,911,911 Carrera Cabrio,Zuzwil
Black,Porsche,911,911 Turbo,Zuzwil
White,Audi,A8,A8 4.2 quattro,Zuzwil
White,Mercedes-Benz,CL 600,CL 600,Zuzwil
Gray,Audi,RS6,RS6 Avant quattro,Zuzwil
Gray,Maserati,SPYDER GT,Spyder GT,Zuzwil
Black,Mercedes-Benz,500,500 SE,Zuzwil
Black,Mercedes-Benz,SL 500,SL 500,Zuzwil
Black,BMW,2002,Turbo,Zuzwil
Black,Audi,S6,S6 Avant quattro,Zuzwil
Silver,NSU,null,TT,Zuzwil
Silver,Porsche,911,911 Turbo,Zuzwil
Gray,Mercedes-Benz,SL 55 AMG,SL 55 AMG,Zuzwil
Red,Audi,RS6,RS6 Avant 5.0 V10 quattro,Zuzwil
Black,Aston Martin,V8 Vantage,V8 Vantage 4.3,Zuzwil
Black,Mercedes-Benz,C 43 AMG,C 43 AMG Sport,Zuzwil
Black,Porsche,911,Turbo ll 3.6,Zuzwil
Silver,BMW,M6,M6,Zuzwil
Silver,Porsche,911,911 GT2,Zuzwil
Green,BMW,M3,M3,Zuzwil
Green,Ferrari,F360,F360 Spider,Zuzwil
Red,Land Rover,RANGE ROVER,Range Rover 4.4 V8 HSE,Zuzwil
Gray,Porsche,911,911 Turbo,Zuzwil
Green,Porsche,911,Turbo,Zuzwil
Blue,BMW,330,330Ci,Zuzwil
Black,Mercedes-Benz,E 500,E 500 Avantgarde,Zuzwil
Black,Jaguar,E,E-Type III,Zuzwil
Silver,Renault,ALPINE,Alpine A310 V6 VFA-2700 VAA,Zuzwil
Silver,Mercedes-Benz,S 65 AMG,S 65 AMG L,Zuzwil
Silver,Porsche,CAYENNE,Cayenne Turbo S,Zuzwil
Red,Toyota,null,1000 / Publica,Zuzwil
Black,Saab,9-5,9-5 2.3T Aero,Zuzwil
Blue,Mercedes-Benz,CL 500,CL 500,Zuzwil
Silver,Toyota,COROLLA,Corolla 2.0 D4D L.Terra,Zuzwil
Blue,Ferrari,F12,F12 Berlinetta,Zuzwil
Blue,Audi,RS4,RS4 Avant quattro,Zuzwil
Black,Mercedes-Benz,CLK 55 AMG,CLK 55 AMG Avantgarde,Zuzwil
Silver,Mercedes-Benz,SL 500,SL 500,Zuzwil
White,Bentley,ARNAGE,Red Label,Zuzwil
White,Porsche,CAYENNE,Cayenne S,Zuzwil
Gray,Porsche,911,911 GT2,Zuzwil
Beige,BMW,X5,X5 4.4i,Zuzwil
Black,Mercedes-Benz,SLK 32 AMG,SLK 32 AMG,Zuzwil
Silver,BMW,X5,X5 4.4i,Zuzwil
Gray,Jaguar,XK,XK8 Convertible,Zuzwil
Gray,Maserati,COUPÉ GT,Coupé GT,Zuzwil
Green,Audi,RS6,RS6 Avant 5.0 V10 quattro,Zuzwil
Black,Porsche,911,911 Carrera 4,Zuzwil
Black,Maserati,QUATTROPORTE,Quattroporte 4.2 Sport GT,Zuzwil
Black,Chevrolet,CORVETTE,Corvette 5.7 LT1 Convert.,Zuzwil
Silver,Audi,RS6,RS6 Avant quattro,Zuzwil
White,Audi,A8,A8 4.2 quattro,Zuzwil
White,Mercedes-Benz,CLS 500,CLS 500,Zuzwil
White,VW,PHAETON,Phaeton 3.0 TDi V6 4M,Zuzwil
Gray,Audi,RS6,RS6 Avant 5.0 V10 quattro,Zuzwil
Red,Porsche,911,911 Carrera 4 Ruf Turbo BTR 2 420 PS,Zuzwil
Black,Ferrari,F430,Challenge GT3 LOOK,Zuzwil
Silver,Mercedes-Benz,SL 500,SL 500,Zuzwil
Silver,Porsche,911,911 Turbo Cabrio,Zuzwil
Silver,Mitsubishi,LANCER,EVO V,Zuzwil
Yellow,BMW,M5,M5,Zuzwil
Red,Maserati,COUPÉ GT,Coupé GT,Zuzwil
Black,Seat,IBIZA,Ibiza 1.9 TDI FR,Zuzwil
Black,Audi,TT,TTS Cpé 2.0 TFSI quattro,Zuzwil
Silver,Mercedes-Benz,SL 55 AMG,SL 55 AMG,Zuzwil
Silver,Mercedes-Benz,190,190 E 2.5-16 ABS,Zuzwil
Gray,Audi,RS6,RS6 Avant quattro,Zuzwil
Gray,Lotus,Super Seven,HKT,Zuzwil
Black,Bentley,CONTINENTAL,Continental R Coupé,Zuzwil
Blue,Bentley,CONTINENTAL,Continental FlyingSpur6.0,Zuzwil
Silver,BMW,Z4,Z4 M Coupé,Zuzwil
Silver,Audi,TT,TT Roadster 1.8 T,Zuzwil
Gray,Porsche,BOXSTER,Boxster S 3.4,Zuzwil
Gray,Renault,null,R8 Gordini,Zuzwil
Gray,Mercedes-Benz,CLS 500,CLS 500,Zuzwil
Gray,BMW,null,1602,Zuzwil
Red,Porsche,911,911 Turbo,Zuzwil
Gray,Mercedes-Benz,CLS 500,CLS 500,Zuzwil
Black,Audi,R8,R8 Coupé 5.2,Zuzwil
Gray,Talbot,MATRA,Murena 2.2,Zuzwil
Green,Porsche,911,911 Turbo,Zuzwil
Blue,Audi,RS6,RS6 Avant quattro,Zuzwil
Silver,Citroen,2CV,2CV6 Charleston,Zuzwil
Silver,Audi,RS6,RS6 Avant quattro,Zuzwil
Blue,Audi,RS6,RS6 Avant quattro,Zuzwil
Red,Audi,A8,A8 4.2 quattro,Zuzwil
Blue,Audi,RS6,RS6 Avant quattro,Zuzwil
Black,BMW,550,550i Touring,Zuzwil
Silver,BMW,328,328i,Zuzwil
Blue,Audi,A8,A8 4.2 quattro,Zuzwil
White,McLaren,12C,MP4-12C Cabriolet 3.8 V8,Zuzwil
White,Mercedes-Benz,S 600,S 600,Zuzwil
Gray,Mercedes-Benz,SL 55 AMG,SL 55 AMG,Zuzwil
Yellow,Mercedes-Benz,S 400,S 400 CDI,Zuzwil
Gold,Renault,R5,R5 Turbo 2,Zuzwil
Gray,Mercedes-Benz,SL 500,SL 500,Zuzwil
Black,BMW,320,320i Touring,Zuzwil
Black,VW,PHAETON,Phaeton 6.0 W12 4Motion,Zuzwil
Other,Mercedes-Benz,S 500,S 500,Zuzwil
Green,Mercedes-Benz,SL 500,SL 500,Zuzwil
Black,Porsche,911,911 Carrera,Zuzwil
Black,Renault,R12,Gordini,Zuzwil
Yellow,Rolls-Royce,CORNICHE,Cabrio,Zuzwil
Red,Saab,9-3,9-3 2.0T Performance,Zuzwil
Black,Mercedes-Benz,SL 320,SL 320,Zuzwil
Black,Nissan,Skyline,Rennwagen,Zuzwil
Black,BMW,535,535d xDrive,Zuzwil
Silver,Nissan,Skyline,R34 GTR,Zuzwil
Blue,VW,PHAETON,Phaeton 6.0 W12 4Motion,Zuzwil
Blue,Porsche,911,911 Carrera Cabrio,Zuzwil
Brown,Maserati,QUATTROPORTE,Quattroporte 4.2 Sport GT,Zuzwil
Black,Fiat,131,Racing / Sport,Zuzwil
Silver,Mercedes-Benz,S 65 AMG,S 65 AMG L,Zuzwil
Silver,McLaren,12C,MP4-12C Coupé 3.8 V8,Zuzwil
Silver,Chevrolet,CORVETTE,Corvette 6.2,Zuzwil
Blue,Porsche,924,924,Zuzwil
Gray,Renault,Alpine A110,1600S Gruppe 5 look,Zuzwil
Yellow,Chrysler,VIPER,Viper RT/10,Zuzwil
Gray,BMW,540,540i Touring,Zuzwil
Green,BMW,M3,M3,Zuzwil
Red,Renault,CLIO,Rennwagen,Zuzwil
Black,Audi,A4,A4 Avant 3.0 V6 quattro,Zuzwil
Black,Porsche,911,911 Carrera 4,Zuzwil
Silver,BMW,650,650i xDrive,Zuzwil
Silver,Renault,ALPINE,Alpine A310 V6,Zuzwil
White,Jaguar,XJ,XJR 4.0 Supercharged,Zuzwil
White,Audi,RS6,RS6 Avant quattro,Zuzwil
Green,VW,PHAETON,Phaeton 6.0 W12 4Motion,Zuzwil
Black,Ford,ESCORT,Escort 2.0i RS Cosworth,Zuzwil
Black,Audi,RS6,RS6 Avant quattro,Zuzwil
Black,Maserati,QUATTROPORTE,Quattroporte 4.2,Zuzwil
Silver,Alpina,5 SERIES,B7 (E28),Zuzwil
Gray,Porsche,911,911 Turbo,Zuzwil
Blue,Mercedes-Benz,SL 600,SL 600,Zuzwil
Black,BMW,M5,M5,Zuzwil
Black,Lamborghini,MURCIÉLAGO,Murciélago 6.2 Coupé,Zuzwil
White,Mercedes-Benz,SL 600,SL 600,Zuzwil
White,BMW,728,728i,Zuzwil
Black,Jaguar,XK,XKR S/C,Zuzwil
Black,Alfa Romeo,SPIDER,Spider 2.0,Zuzwil
Black,Maserati,COUPÉ GT,Coupé GT,Zuzwil
Silver,BMW,M3,M3 CSL,Zuzwil
Silver,Mercedes-Benz,SL 500,SL 500,Zuzwil
Black,BMW,M5,M5,Zuzwil
Black,BMW,M5,M5,Zuzwil
Silver,Renault,ALPINE,Alpine A610 Turbo,Zuzwil
Silver,Aston Martin,DB7,DB7 Vantage Volante,Zuzwil
Gray,Audi,RS6,RS6 Avant quattro,Zuzwil
Black,Audi,RS6,RS6 Avant quattro,Zuzwil
Black,BMW,740,740iL,Zuzwil
Silver,Fiat,SPIDER,CSA Abarth,Zuzwil
Silver,Porsche,CAYENNE,Cayenne Turbo,Zuzwil
Green,BMW,323,323Ci,Zuzwil
Blue,Porsche,911,911 GT2,Zuzwil
Silver,Porsche,CAYENNE,Cayenne Turbo,Zuzwil
Silver,VW,PHAETON,Phaeton 6.0 W12 4Motion,Zuzwil
Blue,Porsche,911,911 Carrera 4S,Zuzwil
Red,Mercedes-Benz,C 350,C 350 Elégance 4Matic,Zuzwil
Black,Ferrari,F360,F360 Challenge stradale,Zuzwil
Silver,BMW,M3,M3,Zuzwil
Silver,Land Rover,RANGE ROVER SPORT,Range Rover Sport 4.2 V8 SC,Zuzwil
Gray,Bentley,CONTINENTAL,Continental GTC 6.0,Zuzwil
Black,Renault,ALPINE,V6,Zuzwil
Black,Bentley,ARNAGE,Arnage Red Label,Zuzwil
Black,Rolls-Royce,CORNICHE,III,Zuzwil
Blue,Mercedes-Benz,SL 63 AMG,SL 63 AMG,Zuzwil
Black,Toyota,LAND CRUISER,BJ 40 LT,Zuzwil
Silver,BMW,M5,M5,Zuzwil
Silver,Maserati,QUATTROPORTE,Quattroporte 4.2,Zuzwil
Red,Porsche,911,911 Turbo S,Zuzwil
Black,Matra,null,SIMCA Bagheera Serie II,Zuzwil
Black,Bentley,CONTINENTAL,Continental GTC 6.0,Zuzwil
Black,Mercedes-Benz,CL 65 AMG,CL 65 AMG,Zuzwil
Blue,Land Rover,RANGE ROVER,Range Rover 4.6 HSE,Zuzwil
Gray,Porsche,911,911 Carrera S Cabrio,Zuzwil
Red,Porsche,911,GT3 CS,Zuzwil
Black,Mercedes-Benz,S 320,S 320,Zuzwil
Black,Harley-Davidson,null,HPU Hurricane TC,Zuzwil
Silver,Mercedes-Benz,S 600,S 600 L,Zuzwil
White,Mercedes-Benz,SL 320,SL 320,Zuzwil
Blue,Mercedes-Benz,CL 500,CL 500,Zuzwil
Gray,Land Rover,RANGE ROVER,Range Rover 4.6 HSE,Zuzwil
Green,Mercedes-Benz,SL 55 AMG,SL 55 AMG,Zuzwil
Black,BMW,330,330Ci,Zuzwil
Black,Mercedes-Benz,300,SEL 3.5,Zuzwil
Silver,Renault,SPORT SPIDER,Windschutzscheibe,Zuzwil